{
    "(0, 0) Left": -15.893076403262118,
    "(0, 0) Right": -46.9043682939587,
    "(0, 0) Up": -15.894370591809535,
    "(0, 0) Down": 12.6211621344298,
    "(1, 0) Left": -14.40001589489338,
    "(1, 0) Right": -22.212066011628348,
    "(1, 0) Up": -14.344056653038324,
    "(1, 0) Down": 14.660265431738638,
    "(2, 0) Left": -12.34189785222628,
    "(2, 0) Right": -21.167184654003243,
    "(2, 0) Up": -12.642920812892108,
    "(2, 0) Down": 16.82348662280578,
    "(3, 0) Left": -10.765047324595141,
    "(3, 0) Right": -21.361555936643907,
    "(3, 0) Up": -10.926430325807772,
    "(3, 0) Down": 18.729215250847762,
    "(4, 0) Left": -9.187520619484529,
    "(4, 0) Right": 21.656477069021914,
    "(4, 0) Up": -10.360216849203916,
    "(4, 0) Down": -9.08152029909273,
    "(5, 0) Left": -8.167289073410444,
    "(5, 0) Right": -8.205007956812839,
    "(5, 0) Up": -9.621326684300271,
    "(5, 0) Down": -8.508504224344176,
    "(0, 1) Left": 0,
    "(0, 1) Right": 0,
    "(0, 1) Up": 0,
    "(0, 1) Down": 0,
    "(1, 1) Left": -10.856742244255685,
    "(1, 1) Right": -16.35036906268615,
    "(1, 1) Up": -41.736246470851846,
    "(1, 1) Down": -25.775229854131744,
    "(2, 1) Left": -8.649429567486514,
    "(2, 1) Right": -31.671352925083294,
    "(2, 1) Up": -12.905276121635268,
    "(2, 1) Down": -25.88938734283399,
    "(3, 1) Left": -9.457146632577508,
    "(3, 1) Right": -16.921360721861078,
    "(3, 1) Up": -32.34685487552665,
    "(3, 1) Down": -9.122853768067198,
    "(4, 1) Left": -8.489175187621473,
    "(4, 1) Right": 24.00929629356589,
    "(4, 1) Up": -20.525002938275335,
    "(4, 1) Down": -8.138516511667621,
    "(5, 1) Left": -10.607400098413983,
    "(5, 1) Right": -7.260001393091107,
    "(5, 1) Up": -8.369531965215169,
    "(5, 1) Down": -8.425425552724274,
    "(0, 2) Left": 0,
    "(0, 2) Right": 0,
    "(0, 2) Up": 0,
    "(0, 2) Down": 0,
    "(1, 2) Left": -10.809115375573281,
    "(1, 2) Right": -2.7790036148223782,
    "(1, 2) Up": -41.736246470851846,
    "(1, 2) Down": -33.20084827907995,
    "(2, 2) Left": -35.92172655293867,
    "(2, 2) Right": -0.7232146999991423,
    "(2, 2) Up": -18.324663584087848,
    "(2, 2) Down": -12.562972372032174,
    "(3, 2) Left": -26.958315365397276,
    "(3, 2) Right": -6.328815615671416,
    "(3, 2) Up": -12.41053868211132,
    "(3, 2) Down": -6.254152692148143,
    "(4, 2) Left": -7.490173125182235,
    "(4, 2) Right": 25.965030119918513,
    "(4, 2) Up": -17.485621542866138,
    "(4, 2) Down": -6.529659147912594,
    "(5, 2) Left": -7.949210497202413,
    "(5, 2) Right": -6.083787603916471,
    "(5, 2) Up": -7.501211082512354,
    "(5, 2) Down": -8.527606453987225,
    "(0, 3) Left": 0,
    "(0, 3) Right": 0,
    "(0, 3) Up": 0,
    "(0, 3) Down": 0,
    "(1, 3) Left": -19.47471819085398,
    "(1, 3) Right": -2.9542206805099207,
    "(1, 3) Up": -37.593997449755214,
    "(1, 3) Down": -3.5159833579032536,
    "(2, 3) Left": -20.40342959575707,
    "(2, 3) Right": -3.717336418224097,
    "(2, 3) Up": -4.481482380494587,
    "(2, 3) Down": -1.8226047879396172,
    "(3, 3) Left": -13.559305461536752,
    "(3, 3) Right": -1.5134650761156583,
    "(3, 3) Up": -5.674398026239492,
    "(3, 3) Down": -5.412031328538636,
    "(4, 3) Left": -6.243602366636357,
    "(4, 3) Right": 28.031081648443134,
    "(4, 3) Up": -5.379600141421568,
    "(4, 3) Down": -5.25615829369297,
    "(5, 3) Left": -6.2564781145767085,
    "(5, 3) Right": -4.4440392682172405,
    "(5, 3) Up": -2.617986166709237,
    "(5, 3) Down": -6.203134113240961,
    "(0, 4) Left": 0,
    "(0, 4) Right": 0,
    "(0, 4) Up": 0,
    "(0, 4) Down": 0,
    "(1, 4) Left": -1.6968697750034414,
    "(1, 4) Right": -0.573987281440487,
    "(1, 4) Up": -25.125633140576255,
    "(1, 4) Down": -2.383160497855585,
    "(2, 4) Left": -1.2587182987432595,
    "(2, 4) Right": -3.438538814134019,
    "(2, 4) Up": -2.224359097266836,
    "(2, 4) Down": -3.7637796655904343,
    "(3, 4) Left": -4.748455295719824,
    "(3, 4) Right": 3.5433263566732824,
    "(3, 4) Up": -3.4853661694406064,
    "(3, 4) Down": -2.36553781023085,
    "(4, 4) Left": -5.235190408884183,
    "(4, 4) Right": 30.155251727849905,
    "(4, 4) Up": -3.204586684703302,
    "(4, 4) Down": -4.178574732609373,
    "(5, 4) Left": -5.616720683805055,
    "(5, 4) Right": 0.061542246377314605,
    "(5, 4) Up": -3.774763817684743,
    "(5, 4) Down": -6.128644240320453,
    "(0, 5) Left": 0,
    "(0, 5) Right": 0,
    "(0, 5) Up": 0,
    "(0, 5) Down": 0,
    "(1, 5) Left": -3.4820258976931164,
    "(1, 5) Right": -3.0178435224534974,
    "(1, 5) Up": -37.593997449755214,
    "(1, 5) Down": -1.0989212716884023,
    "(2, 5) Left": -2.3040471348929694,
    "(2, 5) Right": -2.879440135056132,
    "(2, 5) Up": -4.399822307587893,
    "(2, 5) Down": -2.5381343657484834,
    "(3, 5) Left": -3.5764341195984186,
    "(3, 5) Right": 13.882307170596434,
    "(3, 5) Up": -2.7667514192389078,
    "(3, 5) Down": -1.9263340748604132,
    "(4, 5) Left": -2.937855086619543,
    "(4, 5) Right": 32.28720200085576,
    "(4, 5) Up": -1.9326208241085387,
    "(4, 5) Down": -3.0226580065757935,
    "(5, 5) Left": -3.5017922647256703,
    "(5, 5) Right": -4.458255495681605,
    "(5, 5) Up": 7.7987937161247505,
    "(5, 5) Down": -3.3189375787703574,
    "(0, 6) Left": 0,
    "(0, 6) Right": 0,
    "(0, 6) Up": 0,
    "(0, 6) Down": 0,
    "(1, 6) Left": -3.695060970321792,
    "(1, 6) Right": -0.5413661767156299,
    "(1, 6) Up": -33.444824934840256,
    "(1, 6) Down": -3.136437379819567,
    "(2, 6) Left": -2.603238384874312,
    "(2, 6) Right": -2.4912553486754865,
    "(2, 6) Up": -3.1720455431644137,
    "(2, 6) Down": -0.09926938768077032,
    "(3, 6) Left": -0.3560251073126095,
    "(3, 6) Right": 37.026101988753446,
    "(3, 6) Up": -4.782894771085826,
    "(3, 6) Down": -1.6075542981752777,
    "(4, 6) Left": -3.5713446303616787,
    "(4, 6) Right": -3.649682780769391,
    "(4, 6) Up": 34.882416737358284,
    "(4, 6) Down": -4.8757114878364245,
    "(5, 6) Left": -3.9256445964728472,
    "(5, 6) Right": -0.4785783802082083,
    "(5, 6) Up": -1.8694114990525907,
    "(5, 6) Down": -4.374835684172131,
    "(0, 7) Left": 0,
    "(0, 7) Right": 0,
    "(0, 7) Up": 0,
    "(0, 7) Down": 0,
    "(1, 7) Left": -1.303340462786503,
    "(1, 7) Right": 0,
    "(1, 7) Up": -33.444824934840256,
    "(1, 7) Down": -1.9698120025093564,
    "(2, 7) Left": -1.0776587750930018,
    "(2, 7) Right": -2.1644413733421177,
    "(2, 7) Up": -2.007893952870317,
    "(2, 7) Down": 26.335658374739488,
    "(3, 7) Left": 1.0131510903979994,
    "(3, 7) Right": 39.48969437602608,
    "(3, 7) Up": -0.06963406890715629,
    "(3, 7) Down": -2.3431285951466214,
    "(4, 7) Left": 0.20938127235605664,
    "(4, 7) Right": -0.4078713433008337,
    "(4, 7) Up": -1.8397361182864804,
    "(4, 7) Down": -2.77894460355295,
    "(5, 7) Left": -2.727532512120199,
    "(5, 7) Right": -1.9648758183544133,
    "(5, 7) Up": -0.943624127805495,
    "(5, 7) Down": -1.4374484606349345,
    "(0, 8) Left": 0,
    "(0, 8) Right": 0,
    "(0, 8) Up": 0,
    "(0, 8) Down": 0,
    "(1, 8) Left": 0,
    "(1, 8) Right": 45.357166315209135,
    "(1, 8) Up": -25.125633140576255,
    "(1, 8) Down": 27.238205136130606,
    "(2, 8) Left": -2.7546449286322274,
    "(2, 8) Right": 45.85929339442984,
    "(2, 8) Up": 15.466229345062509,
    "(2, 8) Down": 0,
    "(3, 8) Left": 37.033441020736994,
    "(3, 8) Right": 42.45644991139504,
    "(3, 8) Up": 16.041972870222793,
    "(3, 8) Down": -2.531741053681505,
    "(4, 8) Left": -3.2603807001343776,
    "(4, 8) Right": -1.7611252316478805,
    "(4, 8) Up": 2.740389690186292,
    "(4, 8) Down": -0.23288638549316068,
    "(5, 8) Left": -2.934280733199408,
    "(5, 8) Right": -1.1948057079145233,
    "(5, 8) Up": -2.7284136066515057,
    "(5, 8) Down": -0.22249154145896333,
    "(0, 9) Left": 0,
    "(0, 9) Right": 0,
    "(0, 9) Up": 0,
    "(0, 9) Down": 0,
    "(1, 9) Left": 26.096610309952574,