{
    "(0, 0) Left": 0.5781985327724783,
    "(0, 0) Right": 10.038992037160117,
    "(0, 0) Up": 0.6081362946938976,
    "(0, 0) Down": 0.8823294665743243,
    "(1, 0) Left": 0.8816536441502125,
    "(1, 0) Right": 4.752908434497205,
    "(1, 0) Up": 0.6884466124992158,
    "(1, 0) Down": 0.6200437497611726,
    "(2, 0) Left": 0.707535782505252,
    "(2, 0) Right": 3.901379143439267,
    "(2, 0) Up": 0.6591143357343817,
    "(2, 0) Down": 0.5985654326719928,
    "(3, 0) Left": 0.6187127970976594,
    "(3, 0) Right": 5.100269852135768,
    "(3, 0) Up": 0.517910457046098,
    "(3, 0) Down": 0.5795558637256927,
    "(4, 0) Left": 0.6224157126604953,
    "(4, 0) Right": 0.495768412478647,
    "(4, 0) Up": 0.5203555226857495,
    "(4, 0) Down": 0.5801088151278183,
    "(5, 0) Left": 0.5717882155146475,
    "(5, 0) Right": 0.6602575650144974,
    "(5, 0) Up": 0.6242034906639635,
    "(5, 0) Down": 0.688985159442556,
    "(0, 1) Left": 50,
    "(0, 1) Right": 50,
    "(0, 1) Up": 50,
    "(0, 1) Down": 50,
    "(1, 1) Left": 0.5779532703841691,
    "(1, 1) Right": 4.691416068984058,
    "(1, 1) Up": 12.492940005672969,
    "(1, 1) Down": 8.358931088379785,
    "(2, 1) Left": 0.7142849093268272,
    "(2, 1) Right": 4.450915228943233,
    "(2, 1) Up": 5.8497079385999635,
    "(2, 1) Down": 6.858489547672377,
    "(3, 1) Left": 0.6659852819300808,
    "(3, 1) Right": 4.499460999747858,
    "(3, 1) Up": 3.8058001385817573,
    "(3, 1) Down": 0.5874341343170248,
    "(4, 1) Left": 0.7028395403162707,
    "(4, 1) Right": 0.6433096928473816,
    "(4, 1) Up": 9.513684632984699,
    "(4, 1) Down": 0.6490944690436223,
    "(5, 1) Left": 0.6166248069603896,
    "(5, 1) Right": 0.6346412381951606,
    "(5, 1) Up": 0.5106867671101257,
    "(5, 1) Down": 0.5798778065357986,
    "(0, 2) Left": 50,
    "(0, 2) Right": 50,
    "(0, 2) Up": 50,
    "(0, 2) Down": 50,
    "(1, 2) Left": 5.636594038477421,
    "(1, 2) Right": 0.6270706219228699,
    "(1, 2) Up": 16.610339334592076,
    "(1, 2) Down": 6.542162384684658,
    "(2, 2) Left": 9.382403853400787,
    "(2, 2) Right": 0.5591909876253374,
    "(2, 2) Up": 4.516307546163381,
    "(2, 2) Down": 8.350663780065437,
    "(3, 2) Left": 10.384546785780824,
    "(3, 2) Right": 0.6760934150981819,
    "(3, 2) Up": 9.471729839979094,
    "(3, 2) Down": 0.6247734047191167,
    "(4, 2) Left": 0.7503045394780279,
    "(4, 2) Right": 0.5055932717843524,
    "(4, 2) Up": 5.342930676868621,
    "(4, 2) Down": 0.6704999241972949,
    "(5, 2) Left": 0.6202863744246899,
    "(5, 2) Right": 0.6414686878385062,
    "(5, 2) Up": 0.7363867308168649,
    "(5, 2) Down": 0.5975326830804852,
    "(0, 3) Left": 50,
    "(0, 3) Right": 50,
    "(0, 3) Up": 50,
    "(0, 3) Down": 50,
    "(1, 3) Left": 5.5937668872870265,
    "(1, 3) Right": 0.633670285656067,
    "(1, 3) Up": 12.492940005672969,
    "(1, 3) Down": 0.4847975239967422,
    "(2, 3) Left": 4.682761224640525,
    "(2, 3) Right": 0.6249542172240493,
    "(2, 3) Up": 0.569150681575135,
    "(2, 3) Down": 0.4890559742669848,
    "(3, 3) Left": 0.8811020985854078,
    "(3, 3) Right": 0.6092232822467389,
    "(3, 3) Up": 0.6389611264266719,
    "(3, 3) Down": 0.5348989728176629,
    "(4, 3) Left": 0.6383730265868222,
    "(4, 3) Right": 0.6472872280402123,
    "(4, 3) Up": 0.6283283762700542,
    "(4, 3) Down": 0.5597219783767988,
    "(5, 3) Left": 0.7923189605011421,
    "(5, 3) Right": 0.6276185681335819,
    "(5, 3) Up": 0.6463980050093296,
    "(5, 3) Down": 0.6592854677654166,
    "(0, 4) Left": 50,
    "(0, 4) Right": 50,
    "(0, 4) Up": 50,
    "(0, 4) Down": 50,
    "(1, 4) Left": 0.7589207501590415,
    "(1, 4) Right": 0.6429083183106173,
    "(1, 4) Up": 12.492940005672969,
    "(1, 4) Down": 0.6994376879165911,
    "(2, 4) Left": 0.6380087585800245,
    "(2, 4) Right": 0.7771706019582233,
    "(2, 4) Up": 0.7726347316743444,
    "(2, 4) Down": 0.7352067217360452,
    "(3, 4) Left": 0.965082251853251,
    "(3, 4) Right": 0.5918214596860986,
    "(3, 4) Up": 0.6951921617709489,
    "(3, 4) Down": 0.5967997430976378,
    "(4, 4) Left": 0.5204689405404821,
    "(4, 4) Right": 0.8683489101089983,
    "(4, 4) Up": 0.5811690781825178,
    "(4, 4) Down": 0.7624451677811289,
    "(5, 4) Left": 0.7329540394928525,
    "(5, 4) Right": 0.5530229407160595,
    "(5, 4) Up": 0.4788626027043938,
    "(5, 4) Down": 0.752768373669884,
    "(0, 5) Left": 50,
    "(0, 5) Right": 50,
    "(0, 5) Up": 50,
    "(0, 5) Down": 50,
    "(1, 5) Left": 0.9457697421744048,
    "(1, 5) Right": 0.6411253091449877,
    "(1, 5) Up": 16.610339334592076,
    "(1, 5) Down": 1.158262212302199,
    "(2, 5) Left": 0.867747697952019,
    "(2, 5) Right": 1.9050748817181342,
    "(2, 5) Up": 1.5357510686453109,
    "(2, 5) Down": 0.7973197279398524,
    "(3, 5) Left": 0.6148073387638816,
    "(3, 5) Right": 0.7711764721156408,
    "(3, 5) Up": 0.586576201062686,
    "(3, 5) Down": 1.1617397630378934,
    "(4, 5) Left": 0.8723895591726679,
    "(4, 5) Right": 0.659782806089691,
    "(4, 5) Up": 0.837121266188284,
    "(4, 5) Down": 0.7583017529389794,
    "(5, 5) Left": 0.865796829559182,
    "(5, 5) Right": 1.0342534018643879,
    "(5, 5) Up": 0.6787535792479847,
    "(5, 5) Down": 0.7029367901713413,
    "(0, 6) Left": 50,
    "(0, 6) Right": 50,
    "(0, 6) Up": 50,
    "(0, 6) Down": 50,
    "(1, 6) Left": 0.9837193005652,
    "(1, 6) Right": 0.6280931023868748,
    "(1, 6) Up": 16.610339334592076,
    "(1, 6) Down": 0.9223001171389593,
    "(2, 6) Left": 1.8939859052060508,
    "(2, 6) Right": 3.1768191085129067,
    "(2, 6) Up": 6.34602280640946,
    "(2, 6) Down": 1.1218439108696234,
    "(3, 6) Left": 2.571644320537841,
    "(3, 6) Right": 0.6881259448460147,
    "(3, 6) Up": 2.3136134243274267,
    "(3, 6) Down": 1.3801909934110597,
    "(4, 6) Left": 0.866124549797128,
    "(4, 6) Right": 0.7558423828389845,
    "(4, 6) Up": 0.4997392511112402,
    "(4, 6) Down": 1.246143824010882,
    "(5, 6) Left": 0.9637722501911765,
    "(5, 6) Right": 1.306063833040817,
    "(5, 6) Up": 2.917842079032015,
    "(5, 6) Down": 1.7636620333278792,
    "(0, 7) Left": 50,
    "(0, 7) Right": 50,
    "(0, 7) Up": 50,
    "(0, 7) Down": 50,
    "(1, 7) Left": 1.2721554500585908,
    "(1, 7) Right": 0.627478510747379,
    "(1, 7) Up": 16.610339334592076,
    "(1, 7) Down": 3.2034211801800425,
    "(2, 7) Left": 4.617962447641162,
    "(2, 7) Right": 12.800656096459962,
    "(2, 7) Up": 0.5453989727271743,
    "(2, 7) Down": 2.337381884596274,
    "(3, 7) Left": 1.3362588220387737,
    "(3, 7) Right": 1.9794532529697197,
    "(3, 7) Up": 0.7188963886610857,
    "(3, 7) Down": 5.61909395548554,
    "(4, 7) Left": 2.20589433785118,
    "(4, 7) Right": 1.5148904732052544,
    "(4, 7) Up": 1.0620958622253702,
    "(4, 7) Down": 1.7486225885975806,
    "(5, 7) Left": 2.3108761357081344,
    "(5, 7) Right": 2.5557865519362926,
    "(5, 7) Up": 0.9659661040206009,
    "(5, 7) Down": 0.9521053680125084,
    "(0, 8) Left": 50,
    "(0, 8) Right": 50,
    "(0, 8) Up": 50,
    "(0, 8) Down": 50,
    "(1, 8) Left": 1.947251196225708,
    "(1, 8) Right": 0.6066927785945394,
    "(1, 8) Up": 16.610339334592076,
    "(1, 8) Down": 10.081055582726362,
    "(2, 8) Left": 2.211847717286969,
    "(2, 8) Right": 24.89909638554217,
    "(2, 8) Up": 16.617589414239085,
    "(2, 8) Down": 5.86888434069897,
    "(3, 8) Left": 4.096563669904832,
    "(3, 8) Right": 1.7449408755033626,
    "(3, 8) Up": 7.459335018660422,
    "(3, 8) Down": 12.5420701701051,
    "(4, 8) Left": 5.712166839297126,
    "(4, 8) Right": 7.736180814022136,
    "(4, 8) Up": 1.3193211002403804,
    "(4, 8) Down": 6.007117582604176,
    "(5, 8) Left": 1.2109440105115306,
    "(5, 8) Right": 12.793692043320167,
    "(5, 8) Up": 12.432064916356268,
    "(5, 8) Down": 6.2076908806719215,
    "(0, 9) Left": 1,
    "(0, 9) Right": 1,
    "(0, 9) Up": 1,
    "(0, 9) Down": 1,
    "(1, 9) Left": 0.9165085635950815,
    "(1, 9) Right": 2.3025674489255823,