{
    "(0, 0) Left": -16.927205273582693,
    "(0, 0) Right": -40.159607545458,
    "(0, 0) Up": -16.75585293017607,
    "(0, 0) Down": 10.832527966886925,
    "(1, 0) Left": -13.28265112554682,
    "(1, 0) Right": 13.912771991869123,
    "(1, 0) Up": -15.590825250550747,
    "(1, 0) Down": -15.207565101602986,
    "(2, 0) Left": -13.579017806842977,
    "(2, 0) Right": -16.220902104231207,
    "(2, 0) Up": -13.116708272208273,
    "(2, 0) Down": -13.065433929699449,
    "(3, 0) Left": -12.010360949402273,
    "(3, 0) Right": -15.31544051378239,
    "(3, 0) Up": -11.015636931609528,
    "(3, 0) Down": -11.399172585574691,
    "(4, 0) Left": -9.967715300190731,
    "(4, 0) Right": -9.959854597059463,
    "(4, 0) Up": -10.868660630024143,
    "(4, 0) Down": -9.899767536013856,
    "(5, 0) Left": -8.849725639714888,
    "(5, 0) Right": -8.923884158060329,
    "(5, 0) Up": -8.731892266090815,
    "(5, 0) Down": -8.297485987446114,
    "(0, 1) Left": 0,
    "(0, 1) Right": 0,
    "(0, 1) Up": 0,
    "(0, 1) Down": 0,
    "(1, 1) Left": -11.284735644920499,
    "(1, 1) Right": 22.297655632398342,
    "(1, 1) Up": -37.656183872481755,
    "(1, 1) Down": -11.574029851279201,
    "(2, 1) Left": -9.930871614320466,
    "(2, 1) Right": -5.1608003883955655,
    "(2, 1) Up": -11.094338428749216,
    "(2, 1) Down": -12.58520425853159,
    "(3, 1) Left": -10.368695732713853,
    "(3, 1) Right": -11.626805785249648,
    "(3, 1) Up": -12.50205847424198,
    "(3, 1) Down": -9.93475591677739,
    "(4, 1) Left": -9.550604178829705,
    "(4, 1) Right": -7.824684300608224,
    "(4, 1) Up": -19.202197729455122,
    "(4, 1) Down": -9.166998118325923,
    "(5, 1) Left": -9.152388121271079,
    "(5, 1) Right": -8.921764151302058,
    "(5, 1) Up": -10.375339658665064,
    "(5, 1) Down": -9.862140724460662,
    "(0, 2) Left": 0,
    "(0, 2) Right": 0,
    "(0, 2) Up": 0,
    "(0, 2) Down": 0,
    "(1, 2) Left": -11.409188543372544,
    "(1, 2) Right": 32.179965301519005,
    "(1, 2) Up": -33.489126171983976,
    "(1, 2) Down": -13.848786361863768,
    "(2, 2) Left": -15.241727081071955,
    "(2, 2) Right": 19.869653339535,
    "(2, 2) Up": -9.816507605166196,
    "(2, 2) Down": -24.16670085062662,
    "(3, 2) Left": -14.590663598297878,
    "(3, 2) Right": -4.220604848154591,
    "(3, 2) Up": -14.0288831074854,
    "(3, 2) Down": -5.843667882653126,
    "(4, 2) Left": -7.562691667265522,
    "(4, 2) Right": -4.96075966842882,
    "(4, 2) Up": -13.234728420232983,
    "(4, 2) Down": -7.293620857146693,
    "(5, 2) Left": -7.814840614678226,
    "(5, 2) Right": -7.419922776842789,
    "(5, 2) Up": -7.335591279158047,
    "(5, 2) Down": -7.892668740427669,
    "(0, 3) Left": 0,
    "(0, 3) Right": 0,
    "(0, 3) Up": 0,
    "(0, 3) Down": 0,
    "(1, 3) Left": -5.370606442518858,
    "(1, 3) Right": 34.93284327268314,
    "(1, 3) Up": -37.656183872481755,
    "(1, 3) Down": -4.4790849780947495,
    "(2, 3) Left": -6.393754185143695,
    "(2, 3) Right": -4.7299060442320755,
    "(2, 3) Up": 30.616256633160557,
    "(2, 3) Down": -4.970438708695877,
    "(3, 3) Left": -7.1157039441274925,
    "(3, 3) Right": -4.402456107435847,
    "(3, 3) Up": 6.965262262214527,
    "(3, 3) Down": -5.576053828701712,
    "(4, 3) Left": -6.180578849997026,
    "(4, 3) Right": -0.5195247910225909,
    "(4, 3) Up": -4.028124519715962,
    "(4, 3) Down": -6.53880857234128,
    "(5, 3) Left": -6.3499573886639595,
    "(5, 3) Right": -6.4754094956428645,
    "(5, 3) Up": -5.5681073741861145,
    "(5, 3) Down": -6.195406168654955,
    "(0, 4) Left": 0,
    "(0, 4) Right": 0,
    "(0, 4) Up": 0,
    "(0, 4) Down": 0,
    "(1, 4) Left": -3.261564419581876,
    "(1, 4) Right": 37.364358241731566,
    "(1, 4) Up": -37.656183872481755,
    "(1, 4) Down": -2.8822422359953626,
    "(2, 4) Left": -3.707881043798076,
    "(2, 4) Right": -3.3888347442962434,
    "(2, 4) Up": 1.7933685100732208,
    "(2, 4) Down": -4.171266249477946,
    "(3, 4) Left": -3.911580033722653,
    "(3, 4) Right": 15.76093767566728,
    "(3, 4) Up": -3.436670178519206,
    "(3, 4) Down": -4.175316839347223,
    "(4, 4) Left": -3.8755134469241965,
    "(4, 4) Right": -3.97040986337436,
    "(4, 4) Up": 5.4741719497900485,
    "(4, 4) Down": -4.912895474520894,
    "(5, 4) Left": -5.856842681822991,
    "(5, 4) Right": -5.325689508024469,
    "(5, 4) Up": -5.453657951261816,
    "(5, 4) Down": -5.581781740677703,
    "(0, 5) Left": 0,
    "(0, 5) Right": 0,
    "(0, 5) Up": 0,
    "(0, 5) Down": 0,
    "(1, 5) Left": -4.146080645826408,
    "(1, 5) Right": 39.76448581907535,
    "(1, 5) Up": -33.489126171983976,
    "(1, 5) Down": -4.628721744903156,
    "(2, 5) Left": -4.5456201204493745,
    "(2, 5) Right": -5.705692874329429,
    "(2, 5) Up": -4.420135586190695,
    "(2, 5) Down": -3.5908502205469914,
    "(3, 5) Left": -4.153062872577685,
    "(3, 5) Right": 25.73076090441959,
    "(3, 5) Up": -3.2240326785394275,
    "(3, 5) Down": -3.560646739717255,
    "(4, 5) Left": -4.273246685395369,
    "(4, 5) Right": 1.8132353986082261,
    "(4, 5) Up": -2.970133122467586,
    "(4, 5) Down": -3.2362998454296372,
    "(5, 5) Left": -4.325695944149837,
    "(5, 5) Right": -4.249044221030209,
    "(5, 5) Up": -3.6452319793106445,
    "(5, 5) Down": -4.391073362286258,
    "(0, 6) Left": 0,
    "(0, 6) Right": 0,
    "(0, 6) Up": 0,
    "(0, 6) Down": 0,
    "(1, 6) Left": -3.015758384450784,
    "(1, 6) Right": 41.971105083761685,
    "(1, 6) Up": -33.489126171983976,
    "(1, 6) Down": -5.095969984890917,
    "(2, 6) Left": -1.9667828114596835,
    "(2, 6) Right": -3.2332682084972593,
    "(2, 6) Up": -1.8479963001691233,
    "(2, 6) Down": -3.2623523874194276,
    "(3, 6) Left": -4.173878526696846,
    "(3, 6) Right": 34.45352267531883,
    "(3, 6) Up": -4.566388474272731,
    "(3, 6) Down": -3.379654485144553,
    "(4, 6) Left": -4.352163857759068,
    "(4, 6) Right": -1.4954135344298485,
    "(4, 6) Up": 15.547319630557954,
    "(4, 6) Down": -3.856201333093849,
    "(5, 6) Left": -3.0114274177642235,
    "(5, 6) Right": -1.9149414586772688,
    "(5, 6) Up": -6.423182395930368,
    "(5, 6) Down": -2.3007993756777085,
    "(0, 7) Left": 0,
    "(0, 7) Right": 0,
    "(0, 7) Up": 0,
    "(0, 7) Down": 0,
    "(1, 7) Left": 37.66089039349858,
    "(1, 7) Right": 45.00997333135807,
    "(1, 7) Up": -33.489126171983976,
    "(1, 7) Down": 18.303895013208184,
    "(2, 7) Left": -2.4183021216398424,
    "(2, 7) Right": -1.6443934187521414,
    "(2, 7) Up": 42.06169336373904,
    "(2, 7) Down": -1.2346935280554998,
    "(3, 7) Left": -2.607581030504072,
    "(3, 7) Right": -3.0390150652198376,
    "(3, 7) Up": 37.910270834507855,
    "(3, 7) Down": -3.7670685708863196,
    "(4, 7) Left": -2.373631030560419,
    "(4, 7) Right": 5.463714823132617,
    "(4, 7) Up": -0.5642378828801312,
    "(4, 7) Down": -2.0760872971863753,
    "(5, 7) Left": -2.2043541606087564,
    "(5, 7) Right": -2.4022110438606643,
    "(5, 7) Up": -1.2937564498670673,
    "(5, 7) Down": -1.7914376890087862,
    "(0, 8) Left": 0,
    "(0, 8) Right": 0,
    "(0, 8) Up": 0,
    "(0, 8) Down": 0,
    "(1, 8) Left": 34.61248721800076,
    "(1, 8) Right": 47.19198845685793,
    "(1, 8) Up": -33.489126171983976,
    "(1, 8) Down": -1.1782098698073498,
    "(2, 8) Left": -3.5117698952594485,
    "(2, 8) Right": -1.6991888891906146,
    "(2, 8) Up": -2.3198027358031075,
    "(2, 8) Down": -1.8585426325208598,
    "(3, 8) Left": -0.853114775715436,
    "(3, 8) Right": 32.20701615381466,
    "(3, 8) Up": -1.6081488170540965,
    "(3, 8) Down": -2.560954017775968,
    "(4, 8) Left": -0.10947402292816205,
    "(4, 8) Right": -1.870263442684914,
    "(4, 8) Up": 18.35233139420421,
    "(4, 8) Down": -3.2237517876567092,
    "(5, 8) Left": 0.17133735673839107,
    "(5, 8) Right": -1.356697947873768,
    "(5, 8) Up": -0.8546827315124419,
    "(5, 8) Down": -0.9102369521270339,
    "(0, 9) Left": 0,
    "(0, 9) Right": 0,
    "(0, 9) Up": 0,
    "(0, 9) Down": 0,