{
    "(0, 0) Left": 11.204469898173134,
    "(0, 0) Right": -49.999999999999886,
    "(0, 0) Up": 11.392527694504547,
    "(0, 0) Down": 13.351965756104217,
    "(1, 0) Left": 13.55423196928535,
    "(1, 0) Right": 11.975800798831878,
    "(1, 0) Up": 11.155078685046648,
    "(1, 0) Down": 15.558652938249601,
    "(2, 0) Left": 15.682459938654967,
    "(2, 0) Right": 11.285151933484485,
    "(2, 0) Up": 13.231148559250986,
    "(2, 0) Down": 17.756024807952915,
    "(3, 0) Left": 17.913505093515322,
    "(3, 0) Right": 11.67655449055708,
    "(3, 0) Up": 15.810845211210177,
    "(3, 0) Down": 19.968719584982406,
    "(4, 0) Left": 20.17979912719777,
    "(4, 0) Right": 22.201259877813403,
    "(4, 0) Up": 17.98089467629141,
    "(4, 0) Down": 17.86844873796663,
    "(5, 0) Left": 16.33114179819764,
    "(5, 0) Right": 19.120100996636218,
    "(5, 0) Up": 20.20354969681562,
    "(5, 0) Down": 18.13379131161054,
    "(0, 1) Left": 0.0,
    "(0, 1) Right": 0.0,
    "(0, 1) Up": 0.0,
    "(0, 1) Down": 0.0,
    "(1, 1) Left": 13.404404190181902,
    "(1, 1) Right": 21.727319184938956,
    "(1, 1) Up": -49.971405022452664,
    "(1, 1) Down": 11.003576865437664,
    "(2, 1) Left": 15.432919767864243,
    "(2, 1) Right": 20.15845641718456,
    "(2, 1) Up": 12.971610438065193,
    "(2, 1) Down": 12.966215406153463,
    "(3, 1) Left": 17.646206729390627,
    "(3, 1) Right": 18.947218119329648,
    "(3, 1) Up": 11.449713692558332,
    "(3, 1) Down": 22.09824661122106,
    "(4, 1) Left": 20.05547546490448,
    "(4, 1) Right": 24.49994982502186,
    "(4, 1) Up": 11.219875394352682,
    "(4, 1) Down": 20.15479999689809,
    "(5, 1) Left": 17.704976407587456,
    "(5, 1) Right": 22.5552439377418,
    "(5, 1) Up": 20.788488226769353,
    "(5, 1) Down": 19.102580150129356,
    "(0, 2) Left": 0.0,
    "(0, 2) Right": 0.0,
    "(0, 2) Up": 0.0,
    "(0, 2) Down": 0.0,
    "(1, 2) Left": 14.94688574431605,
    "(1, 2) Right": 32.38984723044776,
    "(1, 2) Up": -49.83045750523601,
    "(1, 2) Down": 21.277729089170858,
    "(2, 2) Left": 11.81336445666711,
    "(2, 2) Right": 30.949396688356458,
    "(2, 2) Up": 21.547553404737243,
    "(2, 2) Down": 17.114417305441197,
    "(3, 2) Left": 9.041309364581899,
    "(3, 2) Right": 28.994550951259257,
    "(3, 2) Up": 20.04605591710817,
    "(3, 2) Down": 24.58118626952267,
    "(4, 2) Left": 22.54839581408441,
    "(4, 2) Right": 26.74888154906692,
    "(4, 2) Up": 16.16256569817146,
    "(4, 2) Down": 22.796599597302077,
    "(5, 2) Left": 20.098207110059782,
    "(5, 2) Right": 24.752642429082066,
    "(5, 2) Up": 24.350818163028837,
    "(5, 2) Down": 22.13484762835173,
    "(0, 3) Left": 0.0,
    "(0, 3) Right": 0.0,
    "(0, 3) Up": 0.0,
    "(0, 3) Down": 0.0,
    "(1, 3) Left": 20.874436814048945,
    "(1, 3) Right": 35.038812175711485,
    "(1, 3) Up": -49.88152607672051,
    "(1, 3) Down": 30.25584847983175,
    "(2, 3) Left": 19.283094736532526,
    "(2, 3) Right": 33.382190908045466,
    "(2, 3) Up": 32.48810785901826,
    "(2, 3) Down": 28.57019445038664,
    "(3, 3) Left": 22.016711017225205,
    "(3, 3) Right": 30.873513241145623,
    "(3, 3) Up": 31.085301732874537,
    "(3, 3) Down": 26.99629924882869,
    "(4, 3) Left": 24.45046325410027,
    "(4, 3) Right": 29.009632886524866,
    "(4, 3) Up": 28.506227653393378,
    "(4, 3) Down": 25.15397783813748,
    "(5, 3) Left": 22.408427010871826,
    "(5, 3) Right": 26.82927262446662,
    "(5, 3) Up": 26.142505227071652,
    "(5, 3) Down": 24.574541694996512,
    "(0, 4) Left": 0.0,
    "(0, 4) Right": 0.0,
    "(0, 4) Up": 0.0,
    "(0, 4) Down": 0.0,
    "(1, 4) Left": 32.68862611169289,
    "(1, 4) Right": 37.254816620978424,
    "(1, 4) Up": -49.99790018807711,
    "(1, 4) Down": 33.213765091399196,
    "(2, 4) Left": 31.109476609389176,
    "(2, 4) Right": 35.69972796764158,
    "(2, 4) Up": 34.935253150890816,
    "(2, 4) Down": 31.598477808520485,
    "(3, 4) Left": 28.72110369947439,
    "(3, 4) Right": 33.467316238809246,
    "(3, 4) Up": 33.07785740878107,
    "(3, 4) Down": 29.106043042528565,
    "(4, 4) Left": 27.173894703949596,
    "(4, 4) Right": 31.322215745108917,
    "(4, 4) Up": 30.90361020548865,
    "(4, 4) Down": 26.78620704471363,
    "(5, 4) Left": 25.002724191461006,
    "(5, 4) Right": 28.852482860936238,
    "(5, 4) Up": 29.329914178552528,
    "(5, 4) Down": 26.909655075140005,
    "(0, 5) Left": 0.0,
    "(0, 5) Right": 0.0,
    "(0, 5) Up": 0.0,
    "(0, 5) Down": 0.0,
    "(1, 5) Left": 34.77664738132059,
    "(1, 5) Right": 39.74501233517288,
    "(1, 5) Up": -49.996014172039956,
    "(1, 5) Down": 36.170483442284464,
    "(2, 5) Left": 33.104362923615774,
    "(2, 5) Right": 37.978002515379465,
    "(2, 5) Up": 37.44296224789594,
    "(2, 5) Down": 33.75752500234097,
    "(3, 5) Left": 31.4535362376799,
    "(3, 5) Right": 35.651866247242864,
    "(3, 5) Up": 35.675959052787,
    "(3, 5) Down": 31.69371662818716,
    "(4, 5) Left": 28.91869486687499,
    "(4, 5) Right": 33.509968375320504,
    "(4, 5) Up": 33.28611537624513,
    "(4, 5) Down": 29.022375697667556,
    "(5, 5) Left": 22.629360050428854,
    "(5, 5) Right": 31.13907333958928,
    "(5, 5) Up": 29.324715841739277,
    "(5, 5) Down": 21.980187112905988,
    "(0, 6) Left": 0.0,
    "(0, 6) Right": 0.0,
    "(0, 6) Up": 0.0,
    "(0, 6) Down": 0.0,
    "(1, 6) Left": 37.716631000806665,
    "(1, 6) Right": 42.380782265629826,
    "(1, 6) Up": -49.99993197177742,
    "(1, 6) Down": 38.09296322070597,
    "(2, 6) Left": 35.29367918815525,
    "(2, 6) Right": 40.00801715411092,
    "(2, 6) Up": 40.179974957185216,
    "(2, 6) Down": 35.836910933238364,
    "(3, 6) Left": 33.52165203104913,
    "(3, 6) Right": 38.011325312336034,
    "(3, 6) Up": 37.76255015277556,
    "(3, 6) Down": 33.44561713771825,
    "(4, 6) Left": 31.245720982072832,
    "(4, 6) Right": 35.31498310244343,
    "(4, 6) Up": 35.78548610707811,
    "(4, 6) Down": 31.52214253166717,
    "(5, 6) Left": 26.045739652077014,
    "(5, 6) Right": 31.10824749490385,
    "(5, 6) Up": 33.47008679898665,
    "(5, 6) Down": 29.749212430119684,
    "(0, 7) Left": 0.0,
    "(0, 7) Right": 0.0,
    "(0, 7) Up": 0.0,
    "(0, 7) Down": 0.0,
    "(1, 7) Left": 39.99387015571446,
    "(1, 7) Right": 44.821970446094795,
    "(1, 7) Up": -49.99998152926278,
    "(1, 7) Down": 40.108014057744235,
    "(2, 7) Left": 37.83913560786436,
    "(2, 7) Right": 42.53540393502354,
    "(2, 7) Up": 42.03539522226769,
    "(2, 7) Down": 37.70847499118351,
    "(3, 7) Left": 36.19900259566935,
    "(3, 7) Right": 40.08949881645633,
    "(3, 7) Up": 40.030081585481824,
    "(3, 7) Down": 35.69227606877103,
    "(4, 7) Left": 32.6403852978365,
    "(4, 7) Right": 36.571069437676165,
    "(4, 7) Up": 38.028902830621405,
    "(4, 7) Down": 30.645824664016217,
    "(5, 7) Left": 14.49550887097068,
    "(5, 7) Right": 16.109961182346147,
    "(5, 7) Up": 35.75060501779053,
    "(5, 7) Down": 19.2374771965387,
    "(0, 8) Left": 0.0,
    "(0, 8) Right": 0.0,
    "(0, 8) Up": 0.0,
    "(0, 8) Down": 0.0,
    "(1, 8) Left": 42.388363365830564,
    "(1, 8) Right": 47.31059743083217,
    "(1, 8) Up": -49.9999933256122,
    "(1, 8) Down": 42.49839519671723,
    "(2, 8) Left": 40.74712310525885,
    "(2, 8) Right": 45.02229238080542,
    "(2, 8) Up": 44.80271788143145,
    "(2, 8) Down": 39.82107193801823,
    "(3, 8) Left": 37.766297969403126,
    "(3, 8) Right": 42.57209340258473,
    "(3, 8) Up": 42.51785967210952,
    "(3, 8) Down": 37.32927434597246,
    "(4, 8) Left": 29.68078712214574,
    "(4, 8) Right": 33.82437224690598,
    "(4, 8) Up": 40.067663182765564,
    "(4, 8) Down": 23.417162329648395,
    "(5, 8) Left": 12.951981483536622,
    "(5, 8) Right": 1.4483767826330909,
    "(5, 8) Up": 34.94533329692793,
    "(5, 8) Down": 10.623023382218552,
    "(0, 9) Left": 0.0,
    "(0, 9) Right": 0.0,
    "(0, 9) Up": 0.0,
    "(0, 9) Down": 0.0,
    "(1, 9) Left": 45.14431427126301,
    "(1, 9) Right": 47.64988491981393,