{
    "(0, 0) Left": 0.2576572668162055,
    "(0, 0) Right": 12.441425985114044,
    "(0, 0) Up": 0.26478612703481397,
    "(0, 0) Down": 0.24850276991031411,
    "(1, 0) Left": 0.24462353064456566,
    "(1, 0) Right": 3.370192961638044,
    "(1, 0) Up": 0.2429986903586987,
    "(1, 0) Down": 0.24768779149318135,
    "(2, 0) Left": 0.2597936723440406,
    "(2, 0) Right": 3.7133436793890624,
    "(2, 0) Up": 0.24712267800341822,
    "(2, 0) Down": 0.25091816378528997,
    "(3, 0) Left": 0.2680415523407731,
    "(3, 0) Right": 4.282833207469433,
    "(3, 0) Up": 0.286098859018814,
    "(3, 0) Down": 0.2492408991465335,
    "(4, 0) Left": 0.37610570660646875,
    "(4, 0) Right": 0.25137767982725645,
    "(4, 0) Up": 0.6125479461063823,
    "(4, 0) Down": 0.3182019416275362,
    "(5, 0) Left": 0.3630000821015156,
    "(5, 0) Right": 0.31147891939545685,
    "(5, 0) Up": 0.6382935604517247,
    "(5, 0) Down": 0.35922063394671117,
    "(0, 1) Left": 50.0,
    "(0, 1) Right": 50.0,
    "(0, 1) Up": 50.0,
    "(0, 1) Down": 50.0,
    "(1, 1) Left": 0.3755272665813749,
    "(1, 1) Right": 5.253327012683394,
    "(1, 1) Up": 20.327079777485633,
    "(1, 1) Down": 3.5388987902744025,
    "(2, 1) Left": 0.5856058316033033,
    "(2, 1) Right": 9.94389341302846,
    "(2, 1) Up": 3.509566158859377,
    "(2, 1) Down": 4.2620992058896,
    "(3, 1) Left": 0.8873086653712714,
    "(3, 1) Right": 5.539603495218188,
    "(3, 1) Up": 10.487711060928717,
    "(3, 1) Down": 0.7554270192154517,
    "(4, 1) Left": 0.4899628040895409,
    "(4, 1) Right": 0.25103339443911493,
    "(4, 1) Up": 5.489729879269,
    "(4, 1) Down": 0.43081317635714045,
    "(5, 1) Left": 0.953467120727891,
    "(5, 1) Right": 0.3044103568486241,
    "(5, 1) Up": 0.715259706603861,
    "(5, 1) Down": 0.5743515356407249,
    "(0, 2) Left": 50.0,
    "(0, 2) Right": 50.0,
    "(0, 2) Up": 50.0,
    "(0, 2) Down": 50.0,
    "(1, 2) Left": 4.114778272778036,
    "(1, 2) Right": 2.7304983247126895,
    "(1, 2) Up": 20.327079777485633,
    "(1, 2) Down": 12.271406110406222,
    "(2, 2) Left": 7.272038030376465,
    "(2, 2) Right": 2.5243916030079663,
    "(2, 2) Up": 8.572277574401076,
    "(2, 2) Down": 25.00800962807387,
    "(3, 2) Left": 11.315726530635123,
    "(3, 2) Right": 1.0425731001917604,
    "(3, 2) Up": 12.632739988106866,
    "(3, 2) Down": 0.854587466752069,
    "(4, 2) Left": 0.8227970630071441,
    "(4, 2) Right": 0.2513778363625013,
    "(4, 2) Up": 6.356064137135443,
    "(4, 2) Down": 0.3753129142995684,
    "(5, 2) Left": 1.261420318047004,
    "(5, 2) Right": 0.27341117108651625,
    "(5, 2) Up": 0.6099160655003525,
    "(5, 2) Down": 0.8632094935000092,
    "(0, 3) Left": 50.0,
    "(0, 3) Right": 50.0,
    "(0, 3) Up": 50.0,
    "(0, 3) Down": 50.0,
    "(1, 3) Left": 10.233864614062396,
    "(1, 3) Right": 5.443918519709253,
    "(1, 3) Up": 24.90585521020784,
    "(1, 3) Down": 1.181400680829698,
    "(2, 3) Left": 13.210682767618957,
    "(2, 3) Right": 2.3543393970872835,
    "(2, 3) Up": 7.269999196662365,
    "(2, 3) Down": 0.9970823723474749,
    "(3, 3) Left": 5.378562085086824,
    "(3, 3) Right": 0.5338942173385431,
    "(3, 3) Up": 1.9094513604149308,
    "(3, 3) Down": 1.6700580165411476,
    "(4, 3) Left": 1.0567826292787792,
    "(4, 3) Right": 0.25239659943865356,
    "(4, 3) Up": 0.6723611474771649,
    "(4, 3) Down": 0.6222316527444225,
    "(5, 3) Left": 0.7995705686087976,
    "(5, 3) Right": 0.2693360703723474,
    "(5, 3) Up": 0.4279557995467811,
    "(5, 3) Down": 0.5104178910376375,
    "(0, 4) Left": 50.0,
    "(0, 4) Right": 50.0,
    "(0, 4) Up": 50.0,
    "(0, 4) Down": 50.0,
    "(1, 4) Left": 5.6207743147941756,
    "(1, 4) Right": 7.413323660418999,
    "(1, 4) Up": 35.26639817813161,
    "(1, 4) Down": 2.4762396678511234,
    "(2, 4) Left": 5.267507705159906,
    "(2, 4) Right": 2.4985407563638096,
    "(2, 4) Up": 4.706944640427803,
    "(2, 4) Down": 2.2436915533328476,
    "(3, 4) Left": 1.3382358463262582,
    "(3, 4) Right": 0.5512111478337384,
    "(3, 4) Up": 1.6211621300182153,
    "(3, 4) Down": 0.9543597602504034,
    "(4, 4) Left": 1.200113221189431,
    "(4, 4) Right": 0.25196372647028137,
    "(4, 4) Up": 0.6440297370264286,
    "(4, 4) Down": 1.2192165609621783,
    "(5, 4) Left": 0.9914707297826004,
    "(5, 4) Right": 0.3145471386636565,
    "(5, 4) Up": 0.6062918845179651,
    "(5, 4) Down": 0.9832324912953552,
    "(0, 5) Left": 50.0,
    "(0, 5) Right": 50.0,
    "(0, 5) Up": 50.0,
    "(0, 5) Down": 50.0,
    "(1, 5) Left": 6.618961752337357,
    "(1, 5) Right": 14.977730829138087,
    "(1, 5) Up": 24.90585521020784,
    "(1, 5) Down": 6.111072364627822,
    "(2, 5) Left": 2.359371521542271,
    "(2, 5) Right": 4.004577357721523,
    "(2, 5) Up": 3.553840119791939,
    "(2, 5) Down": 1.7329533462139484,
    "(3, 5) Left": 2.034484745702172,
    "(3, 5) Right": 0.5400092951809372,
    "(3, 5) Up": 3.1191345985347514,
    "(3, 5) Down": 1.5176885631364303,
    "(4, 5) Left": 1.2097708690834352,
    "(4, 5) Right": 0.25168350949034174,
    "(4, 5) Up": 1.4019386645122476,
    "(4, 5) Down": 1.3489187383658254,
    "(5, 5) Left": 0.9981815754553717,
    "(5, 5) Right": 1.6845773788345062,
    "(5, 5) Up": 0.35141320515592994,
    "(5, 5) Down": 0.4904185982318478,
    "(0, 6) Left": 50.0,
    "(0, 6) Right": 50.0,
    "(0, 6) Up": 50.0,
    "(0, 6) Down": 50.0,
    "(1, 6) Left": 10.611223390446161,
    "(1, 6) Right": 22.27209600668996,
    "(1, 6) Up": 28.770814203166108,
    "(1, 6) Down": 7.653270223735042,
    "(2, 6) Left": 6.246957021573927,
    "(2, 6) Right": 9.730363707879238,
    "(2, 6) Up": 9.157428737598892,
    "(2, 6) Down": 3.185451025313032,
    "(3, 6) Left": 1.8538714347324814,
    "(3, 6) Right": 0.25140170536963524,
    "(3, 6) Up": 3.295554186320868,
    "(3, 6) Down": 2.9623594894749736,
    "(4, 6) Left": 1.9553750871799616,
    "(4, 6) Right": 3.2368936820616727,
    "(4, 6) Up": 0.2521214016474226,
    "(4, 6) Down": 4.312431613348461,
    "(5, 6) Left": 1.2841507875960037,
    "(5, 6) Right": 3.0634205527556833,
    "(5, 6) Up": 2.4424830460907607,
    "(5, 6) Down": 2.171920491225248,
    "(0, 7) Left": 50.0,
    "(0, 7) Right": 50.0,
    "(0, 7) Up": 50.0,
    "(0, 7) Down": 50.0,
    "(1, 7) Left": 35.26639817813161,
    "(1, 7) Right": 50.0,
    "(1, 7) Up": 28.770814203166108,
    "(1, 7) Down": 9.212304763855975,
    "(2, 7) Left": 3.0464089446658082,
    "(2, 7) Right": 28.722333506222995,
    "(2, 7) Up": 24.913424543827926,
    "(2, 7) Down": 1.1796036978066564,
    "(3, 7) Left": 5.473299942076474,
    "(3, 7) Right": 0.2525818006949466,
    "(3, 7) Up": 6.100855191883653,
    "(3, 7) Down": 2.877117055349042,
    "(4, 7) Left": 1.9903344484156091,
    "(4, 7) Right": 8.669456458817264,
    "(4, 7) Up": 18.785479111317766,
    "(4, 7) Down": 3.715976504554621,
    "(5, 7) Left": 3.5753301814895955,
    "(5, 7) Right": 5.075757720389248,
    "(5, 7) Up": 2.9128251266300387,
    "(5, 7) Down": 3.7689642249504627,
    "(0, 8) Left": 50.0,
    "(0, 8) Right": 50.0,
    "(0, 8) Up": 50.0,
    "(0, 8) Down": 50.0,
    "(1, 8) Left": 50.0,
    "(1, 8) Right": 2.014645538334636,
    "(1, 8) Up": 35.26639817813161,
    "(1, 8) Down": 7.617655974440362,
    "(2, 8) Left": 28.722333506222995,
    "(2, 8) Right": 0.9066908728978372,
    "(2, 8) Up": 8.967310683226971,
    "(2, 8) Down": 50.0,
    "(3, 8) Left": 1.349443589441673,
    "(3, 8) Right": 0.2523517953607288,
    "(3, 8) Up": 5.540102415439805,
    "(3, 8) Down": 8.598520406926697,
    "(4, 8) Left": 11.584060044725623,
    "(4, 8) Right": 11.738368691631623,
    "(4, 8) Up": 9.572557264221938,
    "(4, 8) Down": 6.40209261914018,
    "(5, 8) Left": 6.160040043561759,
    "(5, 8) Right": 10.847343768753372,
    "(5, 8) Up": 5.8858268978019685,
    "(5, 8) Down": 9.746487786449991,
    "(0, 9) Left": 50.0,
    "(0, 9) Right": 50.0,
    "(0, 9) Up": 50.0,
    "(0, 9) Down": 50.0,
    "(1, 9) Left": 6.02150844378194,