{
    "(0, 0) Left": 2.024632452735972,
    "(0, 0) Right": 6.726897696626048,
    "(0, 0) Up": 2.022262450345177,
    "(0, 0) Down": 1.9944540207805368,
    "(1, 0) Left": 1.98727470599763,
    "(1, 0) Right": 15.334604911885595,
    "(1, 0) Up": 1.894682572655847,
    "(1, 0) Down": 2.020083862594686,
    "(2, 0) Left": 2.0727201092935372,
    "(2, 0) Right": 15.154318048198117,
    "(2, 0) Up": 1.983015297503833,
    "(2, 0) Down": 2.000265630455106,
    "(3, 0) Left": 2.0102409485060395,
    "(3, 0) Right": 14.42205770498889,
    "(3, 0) Up": 1.9346637085644167,
    "(3, 0) Down": 2.018467656186381,
    "(4, 0) Left": 2.006719218173752,
    "(4, 0) Right": 1.9992669908250411,
    "(4, 0) Up": 1.9975381120523554,
    "(4, 0) Down": 1.9854945907982398,
    "(5, 0) Left": 1.9520060624533546,
    "(5, 0) Right": 2.0052849413074525,
    "(5, 0) Up": 1.9829081221896945,
    "(5, 0) Down": 2.136458386222971,
    "(0, 1) Left": 50,
    "(0, 1) Right": 50,
    "(0, 1) Up": 50,
    "(0, 1) Down": 50,
    "(1, 1) Left": 1.8298675572160232,
    "(1, 1) Right": 14.63731634417848,
    "(1, 1) Up": 7.608068976509542,
    "(1, 1) Down": 14.46665003360313,
    "(2, 1) Left": 2.0028490873030655,
    "(2, 1) Right": 15.37714768543989,
    "(2, 1) Up": 14.702459329423602,
    "(2, 1) Down": 15.325593071195554,
    "(3, 1) Left": 1.88561309928672,
    "(3, 1) Right": 15.446581963374665,
    "(3, 1) Up": 16.335681264073468,
    "(3, 1) Down": 2.034592074929976,
    "(4, 1) Left": 1.9270269714496775,
    "(4, 1) Right": 1.979767401370658,
    "(4, 1) Up": 15.051693301039295,
    "(4, 1) Down": 2.0169818688371097,
    "(5, 1) Left": 2.038275784868677,
    "(5, 1) Right": 2.0026992436630793,
    "(5, 1) Up": 2.1040119790954876,
    "(5, 1) Down": 1.9462802325450155,
    "(0, 2) Left": 50,
    "(0, 2) Right": 50,
    "(0, 2) Up": 50,
    "(0, 2) Down": 50,
    "(1, 2) Left": 14.412899545486972,
    "(1, 2) Right": 2.0239576732775983,
    "(1, 2) Up": 7.830888824307851,
    "(1, 2) Down": 15.853585017867417,
    "(2, 2) Left": 15.842599719468248,
    "(2, 2) Right": 1.961728361242786,
    "(2, 2) Up": 14.36581099836808,
    "(2, 2) Down": 14.265416805463534,
    "(3, 2) Left": 13.915889850809982,
    "(3, 2) Right": 1.93134088701462,
    "(3, 2) Up": 15.25027131172549,
    "(3, 2) Down": 1.782241981753902,
    "(4, 2) Left": 1.9725771634911602,
    "(4, 2) Right": 1.9979338562249145,
    "(4, 2) Up": 15.062794159876109,
    "(4, 2) Down": 1.9744813276469113,
    "(5, 2) Left": 1.895941759098169,
    "(5, 2) Right": 1.9912869621925118,
    "(5, 2) Up": 1.9431477646102315,
    "(5, 2) Down": 1.9778104591365002,
    "(0, 3) Left": 50,
    "(0, 3) Right": 50,
    "(0, 3) Up": 50,
    "(0, 3) Down": 50,
    "(1, 3) Left": 14.759989299692952,
    "(1, 3) Right": 2.0439550047793955,
    "(1, 3) Up": 7.830888824307851,
    "(1, 3) Down": 1.9531502113307786,
    "(2, 3) Left": 14.714354631632968,
    "(2, 3) Right": 1.9619892225527193,
    "(2, 3) Up": 2.02711374016877,
    "(2, 3) Down": 1.8981332288197204,
    "(3, 3) Left": 14.070766829529388,
    "(3, 3) Right": 1.9573121948179635,
    "(3, 3) Up": 1.9561750186660847,
    "(3, 3) Down": 1.9588392707464717,
    "(4, 3) Left": 2.03784549076393,
    "(4, 3) Right": 1.9839246531074242,
    "(4, 3) Up": 1.9999555285114208,
    "(4, 3) Down": 1.9893289662394757,
    "(5, 3) Left": 1.991850715756447,
    "(5, 3) Right": 2.0138690426936123,
    "(5, 3) Up": 1.9812154464306777,
    "(5, 3) Down": 1.9481876627062713,
    "(0, 4) Left": 50,
    "(0, 4) Right": 50,
    "(0, 4) Up": 50,
    "(0, 4) Down": 50,
    "(1, 4) Left": 1.9507391099013915,
    "(1, 4) Right": 2.0804112291158847,
    "(1, 4) Up": 7.343132053131366,
    "(1, 4) Down": 1.9117322066306504,
    "(2, 4) Left": 1.8361257363670587,
    "(2, 4) Right": 2.0596913857031107,
    "(2, 4) Up": 2.0072278006003494,
    "(2, 4) Down": 2.0924748020346646,
    "(3, 4) Left": 2.043957718721084,
    "(3, 4) Right": 1.9570292036749992,
    "(3, 4) Up": 2.0191815559342334,
    "(3, 4) Down": 2.0084618671846415,
    "(4, 4) Left": 2.0280937347420087,
    "(4, 4) Right": 1.9650386294481994,
    "(4, 4) Up": 2.0157796741062795,
    "(4, 4) Down": 1.969380633245134,
    "(5, 4) Left": 1.9886698088045238,
    "(5, 4) Right": 1.9089463608335508,
    "(5, 4) Up": 2.01052567595753,
    "(5, 4) Down": 2.017237179062288,
    "(0, 5) Left": 50,
    "(0, 5) Right": 50,
    "(0, 5) Up": 50,
    "(0, 5) Down": 50,
    "(1, 5) Left": 1.9834829860022394,
    "(1, 5) Right": 1.9571668492834644,
    "(1, 5) Up": 7.380167612902471,
    "(1, 5) Down": 1.967734454409576,
    "(2, 5) Left": 1.9238077980613006,
    "(2, 5) Right": 1.9778668623117233,
    "(2, 5) Up": 2.0472850254009143,
    "(2, 5) Down": 1.9651032026388648,
    "(3, 5) Left": 2.0376429811540633,
    "(3, 5) Right": 1.9875769914913377,
    "(3, 5) Up": 1.9805247665184398,
    "(3, 5) Down": 2.0320336492402267,
    "(4, 5) Left": 2.0954922019129003,
    "(4, 5) Right": 1.9795779835807337,
    "(4, 5) Up": 1.9962892826254506,
    "(4, 5) Down": 2.0518793904831876,
    "(5, 5) Left": 1.861994642069758,
    "(5, 5) Right": 2.05326109553166,
    "(5, 5) Up": 2.0738661209157896,
    "(5, 5) Down": 1.8286174902642538,
    "(0, 6) Left": 50,
    "(0, 6) Right": 50,
    "(0, 6) Up": 50,
    "(0, 6) Down": 50,
    "(1, 6) Left": 2.0136035572928517,
    "(1, 6) Right": 2.039449309861995,
    "(1, 6) Up": 7.112918620539049,
    "(1, 6) Down": 2.1053923638163736,
    "(2, 6) Left": 2.0147448917661523,
    "(2, 6) Right": 1.9243155339795939,
    "(2, 6) Up": 1.9030498862149692,
    "(2, 6) Down": 2.035218403847137,
    "(3, 6) Left": 2.091911870510588,
    "(3, 6) Right": 1.92736636475469,
    "(3, 6) Up": 1.9444750684174943,
    "(3, 6) Down": 1.9349628095144737,
    "(4, 6) Left": 2.010135272589776,
    "(4, 6) Right": 1.913846687075882,
    "(4, 6) Up": 1.9623151492166333,
    "(4, 6) Down": 1.9303827490077508,
    "(5, 6) Left": 1.9260178636482364,
    "(5, 6) Right": 2.0681478537463116,
    "(5, 6) Up": 1.9559796728500645,
    "(5, 6) Down": 2.1018905530809437,
    "(0, 7) Left": 50,
    "(0, 7) Right": 50,
    "(0, 7) Up": 50,
    "(0, 7) Down": 50,
    "(1, 7) Left": 1.9466774601186903,
    "(1, 7) Right": 2.127477033022404,
    "(1, 7) Up": 7.089177533484374,
    "(1, 7) Down": 2.0066860996769815,
    "(2, 7) Left": 2.033863744635876,
    "(2, 7) Right": 1.997493718975374,
    "(2, 7) Up": 2.0911803338781825,
    "(2, 7) Down": 1.965205667480425,
    "(3, 7) Left": 1.9691485386834389,
    "(3, 7) Right": 2.059327208453896,
    "(3, 7) Up": 1.9433130467831863,
    "(3, 7) Down": 1.9497946922307456,
    "(4, 7) Left": 2.001509976755461,
    "(4, 7) Right": 1.865078262527323,
    "(4, 7) Up": 1.9421673790018155,
    "(4, 7) Down": 1.8416317037644048,
    "(5, 7) Left": 1.92479465908634,
    "(5, 7) Right": 2.05222999288275,
    "(5, 7) Up": 2.0497200577970034,
    "(5, 7) Down": 2.004773113565908,
    "(0, 8) Left": 50,
    "(0, 8) Right": 50,
    "(0, 8) Up": 50,
    "(0, 8) Down": 50,
    "(1, 8) Left": 1.9898856417238515,
    "(1, 8) Right": 2.7729431275547367,
    "(1, 8) Up": 7.03386054031393,
    "(1, 8) Down": 2.053754741476793,
    "(2, 8) Left": 2.0130936783454625,
    "(2, 8) Right": 2.0642157016257583,
    "(2, 8) Up": 2.1276609451973094,
    "(2, 8) Down": 1.865179112092204,
    "(3, 8) Left": 2.1406450357169997,
    "(3, 8) Right": 2.0364209275844067,
    "(3, 8) Up": 1.8767342158544005,
    "(3, 8) Down": 2.023189453745391,
    "(4, 8) Left": 1.8827619131275575,
    "(4, 8) Right": 1.9323953595586736,
    "(4, 8) Up": 1.9515218518243576,
    "(4, 8) Down": 2.0357755720599626,
    "(5, 8) Left": 1.8812456702418978,
    "(5, 8) Right": 2.005119275314428,
    "(5, 8) Up": 2.0124262896796328,
    "(5, 8) Down": 1.943812275041593,
    "(0, 9) Left": 50,
    "(0, 9) Right": 50,
    "(0, 9) Up": 50,
    "(0, 9) Down": 50,
    "(1, 9) Left": 2.172220565064826,
    "(1, 9) Right": 2.75212455367618,
    "(1, 9) Up": 6.63851294866967,